{
  "colors" : [
    {
      "display-gamut" : "sRGB",
      "idiom" : "universal"
    },
    {
      "appearances" : [
        {
          "appearance" : "luminosity",
          "value" : "dark"
        }
      ],
      "display-gamut" : "sRGB",
      "idiom" : "universal"
    },
    {
      "display-gamut" : "display-P3",
      "idiom" : "universal"
    },
    {
      "appearances" : [
        {
          "appearance" : "luminosity",
          "value" : "dark"
        }
      ],
      "display-gamut" : "display-P3",
      "idiom" : "universal"
    }
  ],
  "info" : {
    "author" : "xcode",
    "version" : 1
  }
}
